,JobSatisfaction,MonthlyIncome,DistanceFromHome,Attrition,EnvironmentSatisfaction,JobInvolvement,RelationshipSatisfaction,WorkLifeBalance
JobSatisfaction,1.0,-0.0071567423559129265,-0.0036688391677206305,-0.10348112606902113,-0.006784352599075095,-0.021475910335306433,-0.012453593161926919,-0.019458710212973865
MonthlyIncome,-0.0071567423559129265,1.0,-0.017014444745275924,-0.15983958238498852,-0.00625908775478011,-0.015271490778732681,0.02587343613755766,0.03068308155694024
DistanceFromHome,-0.0036688391677206305,-0.017014444745275924,1.0,0.0779235829557036,-0.01607532699649338,0.008783279886444277,0.006557474646578789,-0.026556004106569175
Attrition,-0.10348112606902113,-0.15983958238498852,0.0779235829557036,1.0,-0.10336897833793592,-0.13001595678605357,-0.0458722788811266,-0.06393904721740906
EnvironmentSatisfaction,-0.006784352599075095,-0.00625908775478011,-0.01607532699649338,-0.10336897833793592,1.0,-0.008277598171759165,0.0076653835410745025,0.027627295460115504
JobInvolvement,-0.021475910335306433,-0.015271490778732681,0.008783279886444277,-0.13001595678605357,-0.008277598171759165,1.0,0.03429682061119769,-0.014616593162761845
RelationshipSatisfaction,-0.012453593161926919,0.02587343613755766,0.006557474646578789,-0.0458722788811266,0.0076653835410745025,0.03429682061119769,1.0,0.019604405703968594
WorkLifeBalance,-0.019458710212973865,0.03068308155694024,-0.026556004106569175,-0.06393904721740906,0.027627295460115504,-0.014616593162761845,0.019604405703968594,1.0
